{
  "yolo11n": {
    "ccpd": {
      "n": 200,
      "elapsed_s": 8.576864004135132,
      "p50_ms": 39.21204153448343,
      "p95_ms": 59.05791400582525
    },
    "russian": {
      "n": 200,
      "elapsed_s": 12.67605710029602,
      "p50_ms": 54.62260451167822,
      "p95_ms": 100.83626438863573
    },
    "european": {
      "n": 146,
      "elapsed_s": 6.238454103469849,
      "p50_ms": 41.62991658085957,
      "p95_ms": 47.48748926795088
    },
    "openalpr": {
      "n": 67,
      "elapsed_s": 2.326852798461914,
      "p50_ms": 32.14916703291237,
      "p95_ms": 50.874000042676926
    },
    "generic": {
      "n": 200,
      "elapsed_s": 5.872416973114014,
      "p50_ms": 28.38918805355206,
      "p95_ms": 34.95008748723194
    }
  },
  "yolo12n": {
    "ccpd": {
      "n": 200,
      "elapsed_s": 11.954983234405518,
      "p50_ms": 58.993541984818876,
      "p95_ms": 62.590864970115916
    },
    "russian": {
      "n": 200,
      "elapsed_s": 16.752426862716675,
      "p50_ms": 80.16810397384688,
      "p95_ms": 103.58195560402235
    },
    "european": {
      "n": 146,
      "elapsed_s": 12.164443016052246,
      "p50_ms": 79.60839552106336,
      "p95_ms": 95.87885343353264
    },
    "openalpr": {
      "n": 67,
      "elapsed_s": 5.133110046386719,
      "p50_ms": 66.73283292911947,
      "p95_ms": 109.40707953413941
    },
    "generic": {
      "n": 200,
      "elapsed_s": 13.03592300415039,
      "p50_ms": 62.755457998719066,
      "p95_ms": 81.14935379708186
    }
  },
  "yolo11n_pose": {
    "ccpd": {
      "n": 200,
      "elapsed_s": 6.670151233673096,
      "p50_ms": 32.76614547939971,
      "p95_ms": 36.841325397836044
    },
    "russian": {
      "n": 200,
      "elapsed_s": 9.277388095855713,
      "p50_ms": 45.319166500121355,
      "p95_ms": 53.036791970953345
    },
    "european": {
      "n": 146,
      "elapsed_s": 6.6884260177612305,
      "p50_ms": 44.704833533614874,
      "p95_ms": 52.67644749255851
    },
    "openalpr": {
      "n": 67,
      "elapsed_s": 2.557147264480591,
      "p50_ms": 35.56104202289134,
      "p95_ms": 55.43814102420583
    },
    "generic": {
      "n": 200,
      "elapsed_s": 6.2892491817474365,
      "p50_ms": 30.22514603799209,
      "p95_ms": 36.74087497638537
    }
  },
  "rfdetr_nano": {
    "ccpd": {
      "n": 200,
      "elapsed_s": 17.09518074989319,
      "p50_ms": 82.34552055364475,
      "p95_ms": 106.00102565949774
    },
    "russian": {
      "n": 200,
      "elapsed_s": 18.299147844314575,
      "p50_ms": 89.80095846345648,
      "p95_ms": 109.89545594202352
    },
    "european": {
      "n": 146,
      "elapsed_s": 15.071822166442871,
      "p50_ms": 102.42220852524042,
      "p95_ms": 121.41265600803308
    },
    "openalpr": {
      "n": 67,
      "elapsed_s": 7.274336099624634,
      "p50_ms": 107.20883298199624,
      "p95_ms": 130.1790499128401
    },
    "generic": {
      "n": 200,
      "elapsed_s": 21.555721044540405,
      "p50_ms": 107.96622902853414,
      "p95_ms": 125.07215692894532
    }
  },
  "rfdetr_medium": {
    "ccpd": {
      "n": 200,
      "elapsed_s": 36.20270586013794,
      "p50_ms": 178.91743744257838,
      "p95_ms": 210.61924939858724
    },
    "russian": {
      "n": 200,
      "elapsed_s": 33.299768924713135,
      "p50_ms": 164.61247950792313,
      "p95_ms": 185.9004540834576
    },
    "european": {
      "n": 146,
      "elapsed_s": 27.88324999809265,
      "p50_ms": 188.7940830201842,
      "p95_ms": 219.27831284119748
    },
    "openalpr": {
      "n": 67,
      "elapsed_s": 13.715886116027832,
      "p50_ms": 198.98112502414733,
      "p95_ms": 254.82776231365276
    },
    "generic": {
      "n": 200,
      "elapsed_s": 32.220317125320435,
      "p50_ms": 161.46022954490036,
      "p95_ms": 185.27153368340802
    }
  },
  "keypoint_head": {
    "ccpd": {
      "n": 200,
      "elapsed_s": 10.73331594467163,
      "p50_ms": 52.555917005520314,
      "p95_ms": 59.96971217100507
    },
    "russian": {
      "n": 200,
      "elapsed_s": 13.589542865753174,
      "p50_ms": 63.28506249701604,
      "p95_ms": 90.6252222077455
    },
    "european": {
      "n": 146,
      "elapsed_s": 9.580188035964966,
      "p50_ms": 62.26322898874059,
      "p95_ms": 83.62212497740984
    },
    "openalpr": {
      "n": 67,
      "elapsed_s": 4.433993339538574,
      "p50_ms": 61.00533390417695,
      "p95_ms": 95.26298765558747
    },
    "generic": {
      "n": 200,
      "elapsed_s": 11.24895715713501,
      "p50_ms": 53.91531251370907,
      "p95_ms": 70.17186061129904
    }
  },
  "classical": {
    "ccpd": {
      "n": 200,
      "elapsed_s": 5.527472972869873,
      "p50_ms": 26.630103995557874,
      "p95_ms": 30.079784791450944
    },
    "russian": {
      "n": 200,
      "elapsed_s": 2.894798994064331,
      "p50_ms": 14.381874992977828,
      "p95_ms": 16.32909137406386
    },
    "european": {
      "n": 146,
      "elapsed_s": 1.8891220092773438,
      "p50_ms": 12.571770988870412,
      "p95_ms": 14.296916517196223
    },
    "openalpr": {
      "n": 67,
      "elapsed_s": 2.2488269805908203,
      "p50_ms": 30.876292032189667,
      "p95_ms": 65.4797418275848
    },
    "generic": {
      "n": 200,
      "elapsed_s": 1.8301749229431152,
      "p50_ms": 8.74243798898533,
      "p95_ms": 11.508442368358372
    }
  }
}